"","dataset","nr_fold","algorithm","metric"
"1","AC",1,"LRR",0.930687573718171
"2","AC",1,"GAM",0.926073683480191
"3","AC",1,"LDA",0.94418233539166
"4","AC",1,"CTREE",0.924304447373899
"5","AC",1,"RF",0.946402553250538
"6","AC",1,"XGB",0.936029972941095
"7","AC",1,"LGBM",0.937486990910983
"8","AC",1,"RE",0.925258447235135
