"","dataset","nr_fold","algorithm","metric"
"1","AC",1,"LRR",0.0968792076510995
"2","AC",1,"GAM",0.109347512539932
"3","AC",1,"LDA",0.0987090861812177
"4","AC",1,"CTREE",0.0971437685559127
"5","AC",1,"RF",0.0911293165623916
"6","AC",1,"XGB",0.0962434576168739
"7","AC",1,"LGBM",0.0932936264062653
"8","AC",1,"RE",0.0997365457771871
