"","dataset","nr_fold","algorithm","metric"
"1","AC",1,"LRR",0.102439024390244
"2","AC",1,"GAM",0.647674418604651
"3","AC",1,"LDA",0.205959684487292
"4","AC",1,"CTREE",0.314634146341463
"5","AC",1,"RF",0.507662835249042
"6","AC",1,"XGB",0.307975460122699
"7","AC",1,"LGBM",0.618827160493827
"8","AC",1,"RE",0.365853658536585
